Beaverhead,9404
Big Horn,13338
Blaine,6807
Broadwater,6085
Carbon,10714
Carter,1238
Cascade,81643
Chouteau,5745
Custer,11586
Daniels,1747
Dawson,8680
Deer Lodge,9131
Fallon,2920
Fergus,11113
Flathead,102106
Gallatin,111876
Garfield,1268
Glacier,13747
Golden Valley,826
Granite,3378
Hill,16347
Jefferson,12097
Judith Basin,1952
Lake,30250
Lewis and Clark,68700
Liberty,2430
Lincoln,19794
McCone,1675
Madison,8768
Meagher,1866
Mineral,4316
Missoula,118791
Musselshell,4651
Park,16736
Petroleum,513
Phillips,4074
Pondera,5972
Powder River,1716
Powell,6968
Prairie,1087
Ravalli,43172
Richland,10913
Roosevelt,11059
Rosebud,9063
Sanders,11844
Sheridan,3424
Silver Bow,34993
Stillwater,9534
Sweet Grass,3710
Teton,6162
Toole,4853
Treasure,679
Valley,7437
Wheatland,2236
Wibaux,1034
Yellowstone,160137